<?xml version="1.0"?>
<doc>
    <assembly>
        <name>RhSensoERP.API</name>
    </assembly>
    <members>
        <member name="T:RhSensoERP.API.Authorization.RequirePermissionAttribute">
            <summary>
            Atributo de autorização customizado para verificar permissões legadas.
            Verifica se o usuário tem permissão para executar uma ação em uma função.
            </summary>
        </member>
        <member name="M:RhSensoERP.API.Authorization.RequirePermissionAttribute.#ctor(System.String,System.Char)">
            <summary>
            Construtor do atributo de permissão.
            </summary>
            <param name="cdFuncao">Código da função (ex: "CADUSER")</param>
            <param name="acao">Ação requerida: I=Incluir, A=Alterar, E=Excluir, C=Consultar</param>
        </member>
        <member name="T:RhSensoERP.API.Authorization.RequireIncluirAttribute">
            <summary>
            Atributos de atalho para ações comuns.
            </summary>
        </member>
        <member name="T:RhSensoERP.API.BackgroundServices.AuditCleanupBackgroundService">
            <summary>
            Serviço background para limpeza automática de logs de auditoria antigos.
            ✅ FASE 5: Job agendado para manter tabela de auditoria gerenciável
            </summary>
        </member>
        <member name="M:RhSensoERP.API.BackgroundServices.AuditCleanupBackgroundService.ExecuteCleanupAsync(System.Threading.CancellationToken)">
            <summary>
            Executa a limpeza de logs antigos.
            </summary>
        </member>
        <member name="M:RhSensoERP.API.BackgroundServices.AuditCleanupBackgroundService.CalculateNextRunTime">
            <summary>
            Calcula o próximo horário de execução baseado na frequência configurada.
            </summary>
        </member>
        <member name="T:RhSensoERP.API.Configuration.ModuleGroupConvention">
            <summary>
            Define o ApiExplorer.GroupName automaticamente a partir do namespace do controller.
            Não sobrescreve quando o controller já definiu via atributo [ApiExplorerSettings].
            
            Hierarquia de detecção:
            1. Controllers em RhSensoERP.Modules.* → Nome do módulo
            2. Controllers em RhSensoERP.API.Controllers.* → Nome da pasta/segmento
            3. Controllers em RhSensoERP.API.Controllers → "API" (fallback)
            </summary>
        </member>
        <member name="T:RhSensoERP.API.Configuration.RateLimitingConfiguration">
            <summary>
            Extensão para configuração de Rate Limiting da aplicação.
            Protege contra DDoS, brute force e abuse de endpoints críticos.
            </summary>
        </member>
        <member name="M:RhSensoERP.API.Configuration.RateLimitingConfiguration.AddRateLimiting(Microsoft.Extensions.DependencyInjection.IServiceCollection)">
            <summary>
            Adiciona e configura o Rate Limiting na aplicação.
            Lê configurações do appsettings.json via Options Pattern.
            </summary>
            <param name="services">Coleção de serviços do DI container</param>
            <returns>Coleção de serviços para encadeamento</returns>
        </member>
        <member name="M:RhSensoERP.API.Configuration.RateLimitingConfiguration.CreateLimiter(System.String,System.Int32,System.Int32,System.String,System.Int32)">
            <summary>
            Cria um limitador de taxa baseado nos parâmetros fornecidos.
            Suporta janelas fixas (Fixed) e deslizantes (Sliding).
            </summary>
            <param name="partitionKey">Chave de partição (geralmente IP do cliente)</param>
            <param name="permitLimit">Número máximo de requisições permitidas</param>
            <param name="windowMinutes">Duração da janela em minutos</param>
            <param name="windowType">Tipo de janela: "Fixed" ou "Sliding"</param>
            <param name="segmentsPerWindow">Número de segmentos (apenas para Sliding)</param>
            <returns>Partição de rate limiter configurada</returns>
        </member>
        <member name="T:RhSensoERP.API.Configuration.RateLimitSettings">
            <summary>
            Configurações de Rate Limiting extraídas do appsettings.json.
            Mapeia a seção "RateLimit" do arquivo de configuração.
            </summary>
        </member>
        <member name="P:RhSensoERP.API.Configuration.RateLimitSettings.Global">
            <summary>
            Configuração do limite global aplicado a todas as requisições
            que não possuem política específica.
            </summary>
        </member>
        <member name="P:RhSensoERP.API.Configuration.RateLimitSettings.Policies">
            <summary>
            Dicionário de políticas específicas por nome.
            Chave: nome da política (ex: "login", "refresh", "diagnostics")
            Valor: configuração da política
            </summary>
        </member>
        <member name="T:RhSensoERP.API.Configuration.GlobalRateLimitRule">
            <summary>
            Configuração do limite global de requisições.
            Aplica-se a todos os endpoints que não têm política específica.
            </summary>
        </member>
        <member name="P:RhSensoERP.API.Configuration.GlobalRateLimitRule.PermitLimit">
            <summary>
            Número máximo de requisições permitidas na janela de tempo.
            Exemplo: 100 requisições por minuto
            </summary>
        </member>
        <member name="P:RhSensoERP.API.Configuration.GlobalRateLimitRule.WindowMinutes">
            <summary>
            Duração da janela de tempo em minutos.
            Exemplo: 1 = janela de 1 minuto
            </summary>
        </member>
        <member name="P:RhSensoERP.API.Configuration.GlobalRateLimitRule.WindowType">
            <summary>
            Tipo de janela de tempo:
            - "Fixed": janela fixa (reseta completamente a cada período)
            - "Sliding": janela deslizante (mais preciso, considera histórico)
            </summary>
        </member>
        <member name="T:RhSensoERP.API.Configuration.RateLimitPolicy">
            <summary>
            Configuração de uma política de rate limiting específica.
            Usada para endpoints críticos que precisam de limites customizados.
            </summary>
        </member>
        <member name="P:RhSensoERP.API.Configuration.RateLimitPolicy.PermitLimit">
            <summary>
            Número máximo de requisições permitidas na janela de tempo.
            Exemplo: 5 tentativas de login a cada 5 minutos
            </summary>
        </member>
        <member name="P:RhSensoERP.API.Configuration.RateLimitPolicy.WindowMinutes">
            <summary>
            Duração da janela de tempo em minutos.
            Exemplo: 5 = janela de 5 minutos
            </summary>
        </member>
        <member name="P:RhSensoERP.API.Configuration.RateLimitPolicy.WindowType">
            <summary>
            Tipo de janela de tempo:
            - "Fixed": janela fixa (reseta completamente a cada período)
            - "Sliding": janela deslizante (mais preciso, considera histórico)
            
            Recomendação:
            - Use "Sliding" para proteção contra brute force (mais preciso)
            - Use "Fixed" para limites gerais (mais performático)
            </summary>
        </member>
        <member name="P:RhSensoERP.API.Configuration.RateLimitPolicy.SegmentsPerWindow">
            <summary>
            Número de segmentos da janela deslizante (apenas para WindowType = "Sliding").
            Define a granularidade da janela deslizante.
            
            Exemplo: WindowMinutes = 5, SegmentsPerWindow = 5
            Cada segmento representa 1 minuto, permitindo controle mais fino.
            
            Padrão: 5 segmentos
            </summary>
        </member>
        <member name="T:RhSensoERP.API.Configuration.SwaggerDefaultValuesFilter">
            <summary>
            Filtro para adicionar valores padrão aos parâmetros do Swagger
            </summary>
        </member>
        <member name="T:RhSensoERP.API.Configuration.LowercaseDocumentFilter">
            <summary>
            Filtro para converter paths do Swagger para lowercase
            </summary>
        </member>
        <member name="T:RhSensoERP.API.Controllers.AuditReportsController">
            <summary>
            Controller para relatórios de auditoria de segurança.
            ✅ FASE 5: Relatórios completos de eventos de segurança
            </summary>
        </member>
        <member name="M:RhSensoERP.API.Controllers.AuditReportsController.GetRecentEvents(System.Int32,System.String,System.String,System.Threading.CancellationToken)">
            <summary>
            Retorna eventos recentes de segurança.
            </summary>
            <param name="count">Número de eventos a retornar (padrão: 100, máx: 1000)</param>
            <param name="eventType">Filtrar por tipo de evento</param>
            <param name="severity">Filtrar por severidade</param>
            <param name="ct">Token de cancelamento</param>
        </member>
        <member name="M:RhSensoERP.API.Controllers.AuditReportsController.GetStatistics(System.Int32,System.Threading.CancellationToken)">
            <summary>
            Retorna estatísticas de eventos de segurança.
            </summary>
            <param name="hours">Período em horas (padrão: 24)</param>
            <param name="ct">Token de cancelamento</param>
        </member>
        <member name="M:RhSensoERP.API.Controllers.AuditReportsController.GetLoginReport(System.Int32,System.Threading.CancellationToken)">
            <summary>
            Retorna relatório de tentativas de login.
            </summary>
            <param name="hours">Período em horas (padrão: 24)</param>
            <param name="ct">Token de cancelamento</param>
        </member>
        <member name="M:RhSensoERP.API.Controllers.AuditReportsController.GetSuspiciousActivities(System.Int32,System.Threading.CancellationToken)">
            <summary>
            Retorna relatório de atividades suspeitas.
            </summary>
            <param name="hours">Período em horas (padrão: 24)</param>
            <param name="ct">Token de cancelamento</param>
        </member>
        <member name="T:RhSensoERP.API.Controllers.DiagnosticsController">
            <summary>
            Controller para diagnósticos e testes do sistema.
            ✅ FASE 1: Protegido com [Authorize(Roles = "Admin")] e oculto do Swagger em Release
            ✅ FASE 2: Adicionado rate limiting específico
            </summary>
        </member>
        <member name="M:RhSensoERP.API.Controllers.DiagnosticsController.TestDatabaseAsync(System.Threading.CancellationToken)">
            <summary>
            Testa a conexão com o banco de dados.
            ✅ FASE 1: Desabilitado em produção por segurança
            ✅ FASE 2: Rate limiting aplicado
            </summary>
        </member>
        <member name="M:RhSensoERP.API.Controllers.DiagnosticsController.TestSqlLogging(System.Threading.CancellationToken)">
            <summary>
            Testa o SqlLoggingInterceptor com queries variadas.
            ✅ FASE 1: Desabilitado em produção por segurança
            ✅ FASE 2: Rate limiting aplicado
            </summary>
        </member>
        <member name="M:RhSensoERP.API.Controllers.DiagnosticsController.TestSlowQuery(System.Threading.CancellationToken)">
            <summary>
            Testa query lenta (vai gerar warning de performance).
            ✅ FASE 1: Substituído WAITFOR DELAY por Task.Delay (boa prática)
            ✅ FASE 2: Rate limiting aplicado
            </summary>
        </member>
        <member name="M:RhSensoERP.API.Controllers.DiagnosticsController.TestWriteOperations(System.Threading.CancellationToken)">
            <summary>
            Testa INSERT/UPDATE/DELETE (non-query commands).
            ✅ FASE 1: Desabilitado em produção por segurança
            ✅ FASE 2: Rate limiting aplicado
            </summary>
        </member>
        <member name="M:RhSensoERP.API.Controllers.DiagnosticsController.GetSqlLoggingConfig">
            <summary>
            Retorna a configuração atual do SqlLogging.
            ✅ FASE 1: Desabilitado em produção por segurança
            ✅ FASE 2: Rate limiting aplicado
            </summary>
        </member>
        <member name="T:RhSensoERP.API.Controllers.SqlLoggingOptions">
            <summary>
            Opções de configuração do SqlLogging.
            </summary>
        </member>
        <member name="T:RhSensoERP.API.Controllers.GestaoDePessoas.mTabelas.Pessoal.BancosController">
            <summary>
            Controller para gerenciamento de bancos.
            </summary>
        </member>
        <member name="M:RhSensoERP.API.Controllers.GestaoDePessoas.mTabelas.Pessoal.BancosController.GetPaged(System.Int32,System.Int32,System.String)">
            <summary>
            Lista bancos paginados.
            </summary>
        </member>
        <member name="M:RhSensoERP.API.Controllers.GestaoDePessoas.mTabelas.Pessoal.BancosController.GetAll">
            <summary>
            Lista todos os bancos (para combos/dropdowns).
            </summary>
        </member>
        <member name="M:RhSensoERP.API.Controllers.GestaoDePessoas.mTabelas.Pessoal.BancosController.GetById(System.String)">
            <summary>
            Obtém banco por código.
            </summary>
        </member>
        <member name="M:RhSensoERP.API.Controllers.GestaoDePessoas.mTabelas.Pessoal.BancosController.Create(RhSensoERP.Modules.GestaoDePessoas.Application.DTOs.CreateBancoDto)">
            <summary>
            Cria novo banco.
            </summary>
        </member>
        <member name="M:RhSensoERP.API.Controllers.GestaoDePessoas.mTabelas.Pessoal.BancosController.Update(System.String,RhSensoERP.Modules.GestaoDePessoas.Application.DTOs.UpdateBancoDto)">
            <summary>
            Atualiza banco existente.
            </summary>
        </member>
        <member name="M:RhSensoERP.API.Controllers.GestaoDePessoas.mTabelas.Pessoal.BancosController.Delete(System.String)">
            <summary>
            Remove banco.
            </summary>
        </member>
        <member name="T:RhSensoERP.API.Controllers.GestaoDePessoas.Tabelas.Pessoal.MunicipiosController">
            <summary>
            Controller para gerenciamento de municípios.
            </summary>
        </member>
        <member name="M:RhSensoERP.API.Controllers.GestaoDePessoas.Tabelas.Pessoal.MunicipiosController.GetAll">
            <summary>
            Lista todos os municípios.
            </summary>
        </member>
        <member name="M:RhSensoERP.API.Controllers.GestaoDePessoas.Tabelas.Pessoal.MunicipiosController.GetByEstado(System.String)">
            <summary>
            Lista municípios por estado.
            </summary>
        </member>
        <member name="M:RhSensoERP.API.Controllers.GestaoDePessoas.Tabelas.Pessoal.MunicipiosController.GetById(System.String)">
            <summary>
            Busca município por código.
            </summary>
        </member>
        <member name="M:RhSensoERP.API.Controllers.GestaoDePessoas.Tabelas.Pessoal.MunicipiosController.Create(RhSensoERP.Modules.GestaoDePessoas.Application.DTOs.MunicipioDto)">
            <summary>
            Cria novo município.
            </summary>
        </member>
        <member name="M:RhSensoERP.API.Controllers.GestaoDePessoas.Tabelas.Pessoal.MunicipiosController.Update(System.String,RhSensoERP.Modules.GestaoDePessoas.Application.DTOs.MunicipioDto)">
            <summary>
            Atualiza município.
            </summary>
        </member>
        <member name="M:RhSensoERP.API.Controllers.GestaoDePessoas.Tabelas.Pessoal.MunicipiosController.Delete(System.String)">
            <summary>
            Remove município.
            </summary>
        </member>
        <member name="T:RhSensoERP.API.Controllers.GestaoDePessoas.Tabelas.Pessoal.SindicatoController">
            <summary>
            Controller para gerenciamento de sindicatos.
            </summary>
        </member>
        <member name="M:RhSensoERP.API.Controllers.GestaoDePessoas.Tabelas.Pessoal.SindicatoController.GetAll">
            <summary>
            Lista todos os sindicatos.
            </summary>
        </member>
        <member name="M:RhSensoERP.API.Controllers.GestaoDePessoas.Tabelas.Pessoal.SindicatoController.GetById(System.String)">
            <summary>
            Busca sindicato por código.
            </summary>
        </member>
        <member name="M:RhSensoERP.API.Controllers.GestaoDePessoas.Tabelas.Pessoal.SindicatoController.Create(RhSensoERP.Modules.GestaoDePessoas.Application.DTOs.CreateSindicatoDto)">
            <summary>
            Cria novo sindicato.
            </summary>
        </member>
        <member name="M:RhSensoERP.API.Controllers.GestaoDePessoas.Tabelas.Pessoal.SindicatoController.Update(System.String,RhSensoERP.Modules.GestaoDePessoas.Application.DTOs.UpdateSindicatoDto)">
            <summary>
            Atualiza sindicato.
            </summary>
        </member>
        <member name="M:RhSensoERP.API.Controllers.GestaoDePessoas.Tabelas.Pessoal.SindicatoController.Delete(System.String)">
            <summary>
            Remove sindicato.
            </summary>
        </member>
        <member name="T:RhSensoERP.API.Controllers.HealthCheckController">
            <summary>
            Controller para health checks detalhados do sistema.
            ✅ FASE 4: Health checks completos com status de dependências
            </summary>
        </member>
        <member name="M:RhSensoERP.API.Controllers.HealthCheckController.Liveness">
            <summary>
            Health check básico (público, sem autenticação).
            Usado por load balancers e monitoramento externo.
            </summary>
            <returns>Status básico da aplicação</returns>
            <response code="200">Aplicação está saudável</response>
            <response code="503">Aplicação está com problemas</response>
        </member>
        <member name="M:RhSensoERP.API.Controllers.HealthCheckController.Readiness(System.Threading.CancellationToken)">
            <summary>
            Health check completo (requer autenticação de admin).
            Verifica status de todas as dependências.
            </summary>
            <param name="ct">Token de cancelamento</param>
            <returns>Status detalhado da aplicação e dependências</returns>
            <response code="200">Todos os componentes estão saudáveis</response>
            <response code="401">Não autorizado</response>
            <response code="503">Um ou mais componentes estão com problemas</response>
        </member>
        <member name="M:RhSensoERP.API.Controllers.HealthCheckController.CheckDatabaseAsync(System.Threading.CancellationToken)">
            <summary>
            Verifica conectividade com o banco de dados.
            </summary>
        </member>
        <member name="M:RhSensoERP.API.Controllers.HealthCheckController.CheckConfiguration">
            <summary>
            Verifica se configurações críticas estão presentes.
            </summary>
        </member>
        <member name="M:RhSensoERP.API.Controllers.HealthCheckController.CheckMemoryUsage">
            <summary>
            Verifica uso de memória da aplicação.
            </summary>
        </member>
        <member name="M:RhSensoERP.API.Controllers.HealthCheckController.CheckDiskSpace">
            <summary>
            Verifica espaço em disco disponível.
            </summary>
        </member>
        <member name="M:RhSensoERP.API.Controllers.HealthCheckController.GetApplicationVersion">
            <summary>
            Retorna a versão da aplicação.
            </summary>
        </member>
        <member name="M:RhSensoERP.API.Controllers.HealthCheckController.GetUptime">
            <summary>
            Retorna o tempo de uptime da aplicação.
            </summary>
        </member>
        <member name="T:RhSensoERP.API.Controllers.HealthCheckResult">
            <summary>
            Resultado de um health check individual.
            </summary>
        </member>
        <member name="T:RhSensoERP.API.Controllers.Identity.AuthController">
            <summary>
            Controller para autenticação e gestão de tokens.
            ✅ FASE 5: Auditoria completa implementada
            </summary>
        </member>
        <member name="M:RhSensoERP.API.Controllers.Identity.AuthController.Login(RhSensoERP.Identity.Application.DTOs.Auth.LoginRequest,System.Threading.CancellationToken)">
            <summary>
            Autentica um usuário e retorna tokens JWT.
            </summary>
            <param name="request">Credenciais de login</param>
            <param name="ct">Token de cancelamento</param>
            <returns>Tokens de acesso e refresh</returns>
            <response code="200">Login bem-sucedido</response>
            <response code="400">Dados de entrada inválidos</response>
            <response code="401">Credenciais inválidas ou conta bloqueada</response>
            <response code="429">Limite de requisições excedido</response>
            <response code="504">Timeout na requisição</response>
        </member>
        <member name="M:RhSensoERP.API.Controllers.Identity.AuthController.RefreshToken(RhSensoERP.Identity.Application.DTOs.Auth.RefreshTokenRequest,System.Threading.CancellationToken)">
            <summary>
            Renova tokens usando refresh token.
            </summary>
            <param name="request">Access token expirado e refresh token válido</param>
            <param name="ct">Token de cancelamento</param>
            <returns>Novos tokens de acesso e refresh</returns>
            <response code="200">Tokens renovados com sucesso</response>
            <response code="400">Dados de entrada inválidos</response>
            <response code="401">Refresh token inválido ou expirado</response>
        </member>
        <member name="M:RhSensoERP.API.Controllers.Identity.AuthController.Logout(RhSensoERP.Identity.Application.DTOs.Auth.LogoutRequest,System.Threading.CancellationToken)">
            <summary>
            Logout do usuário (revoga refresh tokens).
            </summary>
            <param name="request">Parâmetros de logout</param>
            <param name="ct">Token de cancelamento</param>
            <returns>Confirmação de logout</returns>
            <response code="200">Logout realizado com sucesso</response>
            <response code="401">Não autorizado</response>
        </member>
        <member name="M:RhSensoERP.API.Controllers.Identity.AuthController.GetCurrentUser(System.Threading.CancellationToken)">
            <summary>
            Obtém informações do usuário autenticado.
            </summary>
            <param name="ct">Token de cancelamento</param>
            <returns>Dados do usuário</returns>
            <response code="200">Dados do usuário retornados com sucesso</response>
            <response code="401">Não autorizado</response>
            <response code="404">Usuário não encontrado</response>
        </member>
        <member name="M:RhSensoERP.API.Controllers.Identity.AuthController.ValidateToken">
            <summary>
            Valida se o token JWT atual ainda é válido (health check de autenticação).
            </summary>
            <returns>Status de validação</returns>
            <response code="200">Token válido</response>
            <response code="401">Token inválido ou expirado</response>
        </member>
        <member name="T:RhSensoERP.API.Controllers.Identity.PermissoesController">
            <summary>
            Controller para gerenciamento de permissões de usuários.
            </summary>
        </member>
        <member name="M:RhSensoERP.API.Controllers.Identity.PermissoesController.GetPermissoes(System.String,System.String,System.Threading.CancellationToken)">
            <summary>
            Retorna todas as permissões (funções e botões) de um usuário,
            opcionalmente filtrando por sistema.
            </summary>
            <param name="cdUsuario">Código do usuário legado (tuse1.cdusuario)</param>
            <param name="cdSistema">Código do sistema (opcional). Exemplos: RHU, FIN, EST</param>
            <param name="ct">Token de cancelamento</param>
            <returns>DTO com permissões do usuário</returns>
            <response code="200">Permissões carregadas com sucesso</response>
            <response code="400">Parâmetros inválidos</response>
            <response code="500">Erro interno do servidor</response>
        </member>
        <member name="M:RhSensoERP.API.Controllers.Identity.PermissoesController.ValidarPermissao(RhSensoERP.Identity.Application.DTOs.Permissoes.ValidarPermissaoRequest,System.Threading.CancellationToken)">
            <summary>
            Valida se um usuário tem permissão específica para uma ação em uma função.
            Este endpoint é usado para validar ações específicas como Incluir, Alterar, Excluir, Consultar.
            </summary>
            <param name="request">Dados da validação (cdUsuario, cdSistema, cdFuncao, acao)</param>
            <param name="ct">Token de cancelamento</param>
            <returns>Resultado detalhado da validação</returns>
            <response code="200">Validação realizada com sucesso</response>
            <response code="400">Parâmetros inválidos</response>
            <response code="500">Erro interno do servidor</response>
            <remarks>
            Exemplo de request:
            
                POST /api/identity/permissoes/validar
                {
                  "cdUsuario": "VERUSA",
                  "cdSistema": "RHU",
                  "cdFuncao": "SEG_FM_TSISTEMA",
                  "acao": "I"
                }
            
            Ações válidas:
            - I = Incluir
            - A = Alterar
            - E = Excluir
            - C = Consultar
            
            Exemplo de response (com permissão):
            
                {
                  "temPermissao": true,
                  "cdUsuario": "VERUSA",
                  "cdSistema": "RHU",
                  "cdFuncao": "SEG_FM_TSISTEMA",
                  "acao": "I",
                  "descricaoAcao": "Incluir",
                  "acoesDisponiveis": "IAEC"
                }
            
            Exemplo de response (sem permissão):
            
                {
                  "temPermissao": false,
                  "cdUsuario": "VERUSA",
                  "cdSistema": "RHU",
                  "cdFuncao": "SEG_FM_TSISTEMA",
                  "acao": "E",
                  "descricaoAcao": "Excluir",
                  "motivo": "Usuário não possui permissão de 'Excluir' para esta função. Ações disponíveis: Incluir, Alterar, Consultar",
                  "acoesDisponiveis": "IAC"
                }
            </remarks>
        </member>
        <member name="M:RhSensoERP.API.Controllers.Identity.PermissoesController.GetFuncoesPermitidas(System.String,System.String,System.Threading.CancellationToken)">
            <summary>
            Retorna lista de funções permitidas para um usuário.
            </summary>
            <param name="cdUsuario">Código do usuário</param>
            <param name="cdSistema">Código do sistema (opcional)</param>
            <param name="ct">Token de cancelamento</param>
            <returns>Lista de códigos de funções</returns>
            <response code="200">Lista de funções retornada com sucesso</response>
            <response code="400">Parâmetros inválidos</response>
        </member>
        <member name="M:RhSensoERP.API.Controllers.Identity.PermissoesController.GetBotoesPermitidos(System.String,System.String,System.String,System.Threading.CancellationToken)">
            <summary>
            Retorna lista de botões permitidos para um usuário em uma função específica.
            </summary>
            <param name="cdUsuario">Código do usuário</param>
            <param name="cdFuncao">Código da função</param>
            <param name="cdSistema">Código do sistema (opcional)</param>
            <param name="ct">Token de cancelamento</param>
            <returns>Lista de códigos de botões</returns>
            <response code="200">Lista de botões retornada com sucesso</response>
            <response code="400">Parâmetros inválidos</response>
        </member>
        <member name="T:RhSensoERP.API.Controllers.Identity.SistemasController">
            <summary>
            Controller para gerenciamento de sistemas do ERP.
            </summary>
        </member>
        <member name="M:RhSensoERP.API.Controllers.Identity.SistemasController.GetById(System.String,System.Threading.CancellationToken)">
            <summary>
            Obtem um sistema pelo codigo.
            </summary>
        </member>
        <member name="M:RhSensoERP.API.Controllers.Identity.SistemasController.GetPaged(RhSensoERP.Shared.Contracts.Common.PagedRequest,System.Threading.CancellationToken)">
            <summary>
            Lista sistemas com paginacao.
            </summary>
        </member>
        <member name="M:RhSensoERP.API.Controllers.Identity.SistemasController.Create(RhSensoERP.Identity.Application.Requests.Sistema.CreateSistemaRequest,System.Threading.CancellationToken)">
            <summary>
            Cria novo sistema.
            </summary>
        </member>
        <member name="M:RhSensoERP.API.Controllers.Identity.SistemasController.Update(System.String,RhSensoERP.Identity.Application.Requests.Sistema.UpdateSistemaRequest,System.Threading.CancellationToken)">
            <summary>
            Atualiza sistema existente.
            </summary>
        </member>
        <member name="M:RhSensoERP.API.Controllers.Identity.SistemasController.Delete(System.String,System.Threading.CancellationToken)">
            <summary>
            Remove sistema.
            </summary>
        </member>
        <member name="M:RhSensoERP.API.Controllers.Identity.SistemasController.DeleteMultiple(System.Collections.Generic.List{System.String},System.Threading.CancellationToken)">
            <summary>
            Remove multiplos sistemas em lote.
            </summary>
        </member>
        <member name="T:RhSensoERP.API.Controllers.Identity.UsuariosController">
            <summary>
            Controller para gerenciamento de usuários.
            </summary>
        </member>
        <member name="M:RhSensoERP.API.Controllers.Identity.UsuariosController.GetByCodigo(System.String,System.Threading.CancellationToken)">
            <summary>
            Obtém um usuário pelo código (cdusuario).
            </summary>
            <param name="cdUsuario">Código do usuário</param>
            <param name="ct">Token de cancelamento</param>
            <returns>Dados do usuário ou NotFound</returns>
        </member>
        <member name="M:RhSensoERP.API.Controllers.Identity.UsuariosController.Search(System.String,System.Int32,System.Threading.CancellationToken)">
            <summary>
            Pesquisa usuários por termo (cdusuario, nome ou e-mail).
            </summary>
            <param name="term">Termo de busca (opcional)</param>
            <param name="take">Quantidade de registros (padrão 20, máximo 100)</param>
            <param name="ct">Token de cancelamento</param>
            <returns>Lista de usuários encontrados</returns>
        </member>
        <member name="T:RhSensoERP.API.Controllers.SecurityMetricsController">
            <summary>
            Controller para métricas de segurança do sistema.
            ✅ FASE 2: Protegido com rate limiting e desabilitado em produção
            </summary>
        </member>
        <member name="M:RhSensoERP.API.Controllers.SecurityMetricsController.GetMetrics(System.Threading.CancellationToken)">
            <summary>
            Retorna métricas de segurança do sistema.
            ✅ FASE 2: Desabilitado em produção por segurança
            </summary>
            <param name="ct">Token de cancelamento</param>
            <returns>Métricas de segurança</returns>
            <response code="200">Métricas retornadas com sucesso</response>
            <response code="401">Não autorizado</response>
            <response code="403">Acesso negado ou desabilitado em produção</response>
            <response code="429">Limite de requisições excedido</response>
        </member>
        <member name="M:RhSensoERP.API.Controllers.SecurityMetricsController.CalculateSuccessRate(System.DateTime,System.Threading.CancellationToken)">
            <summary>
            Calcula a taxa de sucesso de login.
            </summary>
        </member>
        <member name="T:RhSensoERP.API.Controllers.SwaggerTestController">
            <summary>
            Controller de teste para validar configuração do Swagger e detectar problemas.
            ⚠️ REMOVER EM PRODUÇÃO - Apenas para diagnóstico.
            </summary>
        </member>
        <member name="M:RhSensoERP.API.Controllers.SwaggerTestController.GetControllersInfo">
            <summary>
            Lista todos os controllers e seus GroupNames para diagnóstico.
            </summary>
        </member>
        <member name="M:RhSensoERP.API.Controllers.SwaggerTestController.GetApiGroups">
            <summary>
            Lista todos os grupos (documentos) disponíveis no API Explorer.
            </summary>
        </member>
        <member name="M:RhSensoERP.API.Controllers.SwaggerTestController.GetDiagnostics">
            <summary>
            Valida configuração e retorna diagnóstico completo.
            </summary>
        </member>
        <member name="M:RhSensoERP.API.Controllers.SwaggerTestController.TestController(System.String)">
            <summary>
            Testa se um controller específico aparece no Swagger.
            </summary>
        </member>
        <member name="M:RhSensoERP.API.Controllers.SwaggerTestController.GetSwaggerDocs">
            <summary>
            Lista todos os documentos Swagger disponíveis.
            </summary>
        </member>
        <member name="T:RhSensoERP.API.Extensions.ServiceCollectionExtensions">
            <summary>
            Extensões para configuração de serviços da API.
            </summary>
        </member>
        <member name="M:RhSensoERP.API.Extensions.ServiceCollectionExtensions.AddJwtAuthentication(Microsoft.Extensions.DependencyInjection.IServiceCollection,Microsoft.Extensions.Configuration.IConfiguration)">
            <summary>
            Configura autenticação JWT.
            </summary>
        </member>
        <member name="M:RhSensoERP.API.Extensions.ServiceCollectionExtensions.AddCustomAuthorization(Microsoft.Extensions.DependencyInjection.IServiceCollection)">
            <summary>
            Configura autorização com políticas customizadas.
            </summary>
        </member>
        <member name="T:RhSensoERP.API.Middleware.TenantMiddleware">
            <summary>
            Middleware que resolve o tenant atual baseado no hostname da requisição.
            Armazena o TenantId no HttpContext.Items para uso posterior.
            </summary>
        </member>
        <member name="M:RhSensoERP.API.Middleware.TenantMiddleware.ResolverTenantPorDominioAsync(RhSensoERP.Identity.Infrastructure.Persistence.IdentityDbContext,System.String)">
            <summary>
            Resolve o tenant por domínio consultando a tabela SaasTenants.
            </summary>
        </member>
        <member name="T:RhSensoERP.API.Middleware.TenantInfo">
            <summary>
            DTO para informações básicas do tenant.
            </summary>
        </member>
        <member name="T:RhSensoERP.API.Middleware.TenantMiddlewareExtensions">
            <summary>
            Extension method para registrar o TenantMiddleware.
            </summary>
        </member>
        <member name="M:RhSensoERP.API.Middleware.TenantMiddlewareExtensions.UseTenantResolution(Microsoft.AspNetCore.Builder.IApplicationBuilder)">
            <summary>
            Adiciona o TenantMiddleware ao pipeline de requisições.
            Deve ser chamado ANTES da autenticação.
            </summary>
        </member>
        <member name="T:RhSensoERP.API.SecretsConfig">
            <summary>
            Classe marcadora para User Secrets
            </summary>
        </member>
        <member name="T:SecurityHeadersMiddleware">
            <summary>
            Middleware para adicionar headers de segurança HTTP.
            ✅ FASE 4: Aprimorado com CSP mais restritiva e headers adicionais
            </summary>
        </member>
        <member name="M:SecurityHeadersMiddleware.BuildDevelopmentCSP">
            <summary>
            Constrói CSP para ambiente de desenvolvimento.
            Mais permissiva para permitir Swagger, hot reload, etc.
            </summary>
        </member>
        <member name="M:SecurityHeadersMiddleware.BuildProductionCSP">
            <summary>
            Constrói CSP para ambiente de produção.
            Mais restritiva para máxima segurança.
            </summary>
        </member>
        <member name="M:SecurityHeadersMiddleware.LogSuspiciousRequests(Microsoft.AspNetCore.Http.HttpContext)">
            <summary>
            Loga requisições suspeitas para análise de segurança.
            </summary>
        </member>
    </members>
</doc>
