<?xml version="1.0"?>
<doc>
    <assembly>
        <name>RhSensoERP.API</name>
    </assembly>
    <members>
        <member name="T:RhSensoERP.API.Configuration.ModuleGroupConvention">
            <summary>
            Define o ApiExplorer.GroupName automaticamente a partir do namespace do controller.
            Não sobrescreve quando o controller já definiu via atributo [ApiExplorerSettings].
            
            Hierarquia de detecção:
            1. Controllers em RhSensoERP.Modules.* → Nome do módulo
            2. Controllers em RhSensoERP.API.Controllers.* → Nome da pasta/segmento
            3. Controllers em RhSensoERP.API.Controllers → "API" (fallback)
            </summary>
        </member>
        <member name="T:RhSensoERP.API.Configuration.SwaggerDefaultValuesFilter">
            <summary>
            Filtro para adicionar valores padrão aos parâmetros do Swagger
            </summary>
        </member>
        <member name="T:RhSensoERP.API.Configuration.LowercaseDocumentFilter">
            <summary>
            Filtro para converter paths do Swagger para lowercase
            </summary>
        </member>
        <member name="T:RhSensoERP.API.Controllers.DiagnosticsController">
            <summary>
            Controller para diagnósticos e testes do sistema.
            </summary>
        </member>
        <member name="M:RhSensoERP.API.Controllers.DiagnosticsController.TestDatabaseAsync">
            <summary>
            Testa a conexão com o banco de dados.
            </summary>
        </member>
        <member name="M:RhSensoERP.API.Controllers.DiagnosticsController.TestSqlLogging">
            <summary>
            Testa o SqlLoggingInterceptor com queries variadas.
            </summary>
        </member>
        <member name="M:RhSensoERP.API.Controllers.DiagnosticsController.TestSlowQuery">
            <summary>
            Testa query lenta (vai gerar warning de performance).
            </summary>
        </member>
        <member name="M:RhSensoERP.API.Controllers.DiagnosticsController.TestWriteOperations">
            <summary>
            Testa INSERT/UPDATE/DELETE (non-query commands).
            </summary>
        </member>
        <member name="M:RhSensoERP.API.Controllers.DiagnosticsController.GetSqlLoggingConfig">
            <summary>
            Retorna a configuração atual do SqlLogging.
            </summary>
        </member>
        <member name="T:RhSensoERP.API.Controllers.SqlLoggingOptions">
            <summary>
            Opções de configuração do SqlLogging.
            </summary>
        </member>
        <member name="T:RhSensoERP.API.Controllers.GestaoDePessoas.mTabelas.Pessoal.BancosController">
            <summary>
            Controller para gerenciamento de bancos.
            </summary>
        </member>
        <member name="M:RhSensoERP.API.Controllers.GestaoDePessoas.mTabelas.Pessoal.BancosController.GetPaged(System.Int32,System.Int32,System.String)">
            <summary>
            Lista bancos paginados.
            </summary>
        </member>
        <member name="M:RhSensoERP.API.Controllers.GestaoDePessoas.mTabelas.Pessoal.BancosController.GetAll">
            <summary>
            Lista todos os bancos (para combos/dropdowns).
            </summary>
        </member>
        <member name="M:RhSensoERP.API.Controllers.GestaoDePessoas.mTabelas.Pessoal.BancosController.GetById(System.String)">
            <summary>
            Obtém banco por código.
            </summary>
        </member>
        <member name="M:RhSensoERP.API.Controllers.GestaoDePessoas.mTabelas.Pessoal.BancosController.Create(RhSensoERP.Modules.GestaoDePessoas.Application.DTOs.CreateBancoDto)">
            <summary>
            Cria novo banco.
            </summary>
        </member>
        <member name="M:RhSensoERP.API.Controllers.GestaoDePessoas.mTabelas.Pessoal.BancosController.Update(System.String,RhSensoERP.Modules.GestaoDePessoas.Application.DTOs.UpdateBancoDto)">
            <summary>
            Atualiza banco existente.
            </summary>
        </member>
        <member name="M:RhSensoERP.API.Controllers.GestaoDePessoas.mTabelas.Pessoal.BancosController.Delete(System.String)">
            <summary>
            Remove banco.
            </summary>
        </member>
        <member name="T:RhSensoERP.API.Controllers.GestaoDePessoas.Tabelas.Pessoal.MunicipiosController">
            <summary>
            Controller para gerenciamento de municípios.
            </summary>
        </member>
        <member name="M:RhSensoERP.API.Controllers.GestaoDePessoas.Tabelas.Pessoal.MunicipiosController.GetAll">
            <summary>
            Lista todos os municípios.
            </summary>
        </member>
        <member name="M:RhSensoERP.API.Controllers.GestaoDePessoas.Tabelas.Pessoal.MunicipiosController.GetByEstado(System.String)">
            <summary>
            Lista municípios por estado.
            </summary>
        </member>
        <member name="M:RhSensoERP.API.Controllers.GestaoDePessoas.Tabelas.Pessoal.MunicipiosController.GetById(System.String)">
            <summary>
            Busca município por código.
            </summary>
        </member>
        <member name="M:RhSensoERP.API.Controllers.GestaoDePessoas.Tabelas.Pessoal.MunicipiosController.Create(RhSensoERP.Modules.GestaoDePessoas.Application.DTOs.MunicipioDto)">
            <summary>
            Cria novo município.
            </summary>
        </member>
        <member name="M:RhSensoERP.API.Controllers.GestaoDePessoas.Tabelas.Pessoal.MunicipiosController.Update(System.String,RhSensoERP.Modules.GestaoDePessoas.Application.DTOs.MunicipioDto)">
            <summary>
            Atualiza município.
            </summary>
        </member>
        <member name="M:RhSensoERP.API.Controllers.GestaoDePessoas.Tabelas.Pessoal.MunicipiosController.Delete(System.String)">
            <summary>
            Remove município.
            </summary>
        </member>
        <member name="T:RhSensoERP.API.Controllers.GestaoDePessoas.Tabelas.Pessoal.SindicatoController">
            <summary>
            Controller para gerenciamento de sindicatos.
            </summary>
        </member>
        <member name="M:RhSensoERP.API.Controllers.GestaoDePessoas.Tabelas.Pessoal.SindicatoController.GetAll">
            <summary>
            Lista todos os sindicatos.
            </summary>
        </member>
        <member name="M:RhSensoERP.API.Controllers.GestaoDePessoas.Tabelas.Pessoal.SindicatoController.GetById(System.String)">
            <summary>
            Busca sindicato por código.
            </summary>
        </member>
        <member name="M:RhSensoERP.API.Controllers.GestaoDePessoas.Tabelas.Pessoal.SindicatoController.Create(RhSensoERP.Modules.GestaoDePessoas.Application.DTOs.CreateSindicatoDto)">
            <summary>
            Cria novo sindicato.
            </summary>
        </member>
        <member name="M:RhSensoERP.API.Controllers.GestaoDePessoas.Tabelas.Pessoal.SindicatoController.Update(System.String,RhSensoERP.Modules.GestaoDePessoas.Application.DTOs.UpdateSindicatoDto)">
            <summary>
            Atualiza sindicato.
            </summary>
        </member>
        <member name="M:RhSensoERP.API.Controllers.GestaoDePessoas.Tabelas.Pessoal.SindicatoController.Delete(System.String)">
            <summary>
            Remove sindicato.
            </summary>
        </member>
        <member name="T:RhSensoERP.API.Controllers.Identity.AuthController">
            <summary>
            Controller para autenticação e gestão de tokens.
            </summary>
        </member>
        <member name="M:RhSensoERP.API.Controllers.Identity.AuthController.Login(RhSensoERP.Identity.Application.DTOs.Auth.LoginRequest,System.Threading.CancellationToken)">
            <summary>
            Autentica um usuário e retorna tokens JWT.
            </summary>
            <param name="request">Credenciais de login</param>
            <param name="ct">Token de cancelamento</param>
            <returns>Tokens de acesso e refresh</returns>
            <response code="200">Login bem-sucedido</response>
            <response code="400">Dados de entrada inválidos</response>
            <response code="401">Credenciais inválidas ou conta bloqueada</response>
            <response code="429">Limite de requisições excedido</response>
            <response code="504">Timeout na requisição</response>
        </member>
        <member name="M:RhSensoERP.API.Controllers.Identity.AuthController.RefreshToken(RhSensoERP.Identity.Application.DTOs.Auth.RefreshTokenRequest,System.Threading.CancellationToken)">
            <summary>
            Renova tokens usando refresh token.
            </summary>
            <param name="request">Access token expirado e refresh token válido</param>
            <param name="ct">Token de cancelamento</param>
            <returns>Novos tokens de acesso e refresh</returns>
            <response code="200">Tokens renovados com sucesso</response>
            <response code="400">Dados de entrada inválidos</response>
            <response code="401">Refresh token inválido ou expirado</response>
        </member>
        <member name="M:RhSensoERP.API.Controllers.Identity.AuthController.Logout(RhSensoERP.Identity.Application.DTOs.Auth.LogoutRequest,System.Threading.CancellationToken)">
            <summary>
            Logout do usuário (revoga refresh tokens).
            </summary>
            <param name="request">Parâmetros de logout</param>
            <param name="ct">Token de cancelamento</param>
            <returns>Confirmação de logout</returns>
            <response code="200">Logout realizado com sucesso</response>
            <response code="401">Não autorizado</response>
        </member>
        <member name="M:RhSensoERP.API.Controllers.Identity.AuthController.GetCurrentUser(System.Threading.CancellationToken)">
            <summary>
            Obtém informações do usuário autenticado.
            </summary>
            <param name="ct">Token de cancelamento</param>
            <returns>Dados do usuário</returns>
            <response code="200">Dados do usuário retornados com sucesso</response>
            <response code="401">Não autorizado</response>
            <response code="404">Usuário não encontrado</response>
        </member>
        <member name="M:RhSensoERP.API.Controllers.Identity.AuthController.ValidateToken">
            <summary>
            Valida se o token JWT atual ainda é válido (health check de autenticação).
            </summary>
            <returns>Status de validação</returns>
            <response code="200">Token válido</response>
            <response code="401">Token inválido ou expirado</response>
        </member>
        <member name="T:RhSensoERP.API.Controllers.Identity.PermissoesController">
            <summary>
            Controller para gerenciamento de permissões de usuários.
            </summary>
        </member>
        <member name="M:RhSensoERP.API.Controllers.Identity.PermissoesController.GetPermissoes(System.String,System.String,System.Threading.CancellationToken)">
            <summary>
            Obtém permissões efetivas (funções + botões) do usuário.
            Permite filtrar opcionalmente por sistema específico.
            </summary>
            <param name="cdUsuario">Código do usuário</param>
            <param name="cdSistema">Código do sistema (opcional)</param>
            <param name="ct">Token de cancelamento</param>
            <returns>Lista de permissões do usuário</returns>
        </member>
        <member name="T:RhSensoERP.API.Controllers.Identity.SistemasController">
            <summary>
            Controller para gerenciamento de sistemas do ERP.
            </summary>
        </member>
        <member name="M:RhSensoERP.API.Controllers.Identity.SistemasController.GetById(System.String,System.Threading.CancellationToken)">
            <summary>
            Obtém um sistema pelo código.
            </summary>
        </member>
        <member name="M:RhSensoERP.API.Controllers.Identity.SistemasController.GetPaged(RhSensoERP.Shared.Contracts.Common.PagedRequest,System.Threading.CancellationToken)">
            <summary>
            Lista sistemas com paginação.
            </summary>
        </member>
        <member name="M:RhSensoERP.API.Controllers.Identity.SistemasController.Create(RhSensoERP.Identity.Application.Requests.Sistema.CreateSistemaRequest,System.Threading.CancellationToken)">
            <summary>
            Cria novo sistema.
            </summary>
        </member>
        <member name="M:RhSensoERP.API.Controllers.Identity.SistemasController.Update(System.String,RhSensoERP.Identity.Application.Requests.Sistema.UpdateSistemaRequest,System.Threading.CancellationToken)">
            <summary>
            Atualiza sistema existente.
            </summary>
        </member>
        <member name="M:RhSensoERP.API.Controllers.Identity.SistemasController.Delete(System.String,System.Threading.CancellationToken)">
            <summary>
            Remove sistema.
            </summary>
        </member>
        <member name="T:RhSensoERP.API.Controllers.Identity.UsuariosController">
            <summary>
            Controller para gerenciamento de usuários.
            </summary>
        </member>
        <member name="M:RhSensoERP.API.Controllers.Identity.UsuariosController.GetByCodigo(System.String,System.Threading.CancellationToken)">
            <summary>
            Obtém um usuário pelo código (cdusuario).
            </summary>
            <param name="cdUsuario">Código do usuário</param>
            <param name="ct">Token de cancelamento</param>
            <returns>Dados do usuário ou NotFound</returns>
        </member>
        <member name="M:RhSensoERP.API.Controllers.Identity.UsuariosController.Search(System.String,System.Int32,System.Threading.CancellationToken)">
            <summary>
            Pesquisa usuários por termo (cdusuario, nome ou e-mail).
            </summary>
            <param name="term">Termo de busca (opcional)</param>
            <param name="take">Quantidade de registros (padrão 20, máximo 100)</param>
            <param name="ct">Token de cancelamento</param>
            <returns>Lista de usuários encontrados</returns>
        </member>
        <member name="T:RhSensoERP.API.Controllers.SwaggerTestController">
            <summary>
            Controller de teste para validar configuração do Swagger e detectar problemas.
            ⚠️ REMOVER EM PRODUÇÃO - Apenas para diagnóstico.
            </summary>
        </member>
        <member name="M:RhSensoERP.API.Controllers.SwaggerTestController.GetControllersInfo">
            <summary>
            Lista todos os controllers e seus GroupNames para diagnóstico.
            </summary>
        </member>
        <member name="M:RhSensoERP.API.Controllers.SwaggerTestController.GetApiGroups">
            <summary>
            Lista todos os grupos (documentos) disponíveis no API Explorer.
            </summary>
        </member>
        <member name="M:RhSensoERP.API.Controllers.SwaggerTestController.GetDiagnostics">
            <summary>
            Valida configuração e retorna diagnóstico completo.
            </summary>
        </member>
        <member name="M:RhSensoERP.API.Controllers.SwaggerTestController.TestController(System.String)">
            <summary>
            Testa se um controller específico aparece no Swagger.
            </summary>
        </member>
        <member name="M:RhSensoERP.API.Controllers.SwaggerTestController.GetSwaggerDocs">
            <summary>
            Lista todos os documentos Swagger disponíveis.
            </summary>
        </member>
        <member name="T:RhSensoERP.API.Extensions.ServiceCollectionExtensions">
            <summary>
            Extensões para configuração de serviços da API.
            </summary>
        </member>
        <member name="M:RhSensoERP.API.Extensions.ServiceCollectionExtensions.AddJwtAuthentication(Microsoft.Extensions.DependencyInjection.IServiceCollection,Microsoft.Extensions.Configuration.IConfiguration)">
            <summary>
            Configura autenticação JWT.
            </summary>
        </member>
        <member name="M:RhSensoERP.API.Extensions.ServiceCollectionExtensions.AddCustomAuthorization(Microsoft.Extensions.DependencyInjection.IServiceCollection)">
            <summary>
            Configura autorização com políticas customizadas.
            </summary>
        </member>
        <member name="T:RhSensoERP.API.SecretsConfig">
            <summary>
            Classe marcadora para User Secrets
            </summary>
        </member>
    </members>
</doc>
